user_id,post_content,timestamp
user1,I love watching movies especially action and thriller films. The cinematography is amazing.,2023-01-01 10:00:00
user2,My new smartphone has incredible camera quality and battery life. Technology is advancing so fast.,2023-01-01 11:00:00
user1,Just finished watching a sci-fi movie. The special effects were mind-blowing and the story was captivating.,2023-01-02 10:30:00
user3,Learning about artificial intelligence and machine learning algorithms. The future of technology is fascinating.,2023-01-02 14:00:00
user2,Need to upgrade my old laptop. It's getting slow and can't handle modern software efficiently.,2023-01-03 09:00:00
user1,The soundtrack of that movie was incredible. Music really enhances the emotional impact of films.,2023-01-03 16:00:00
user4,Exploring the mysteries of space and astronomy. The universe is full of wonders waiting to be discovered.,2023-01-04 08:00:00
user3,Data science and predictive analytics are revolutionizing business intelligence and decision making processes.,2023-01-04 12:00:00
user2,Shopping for a new computer with better performance. Need something powerful for work and gaming.,2023-01-05 10:00:00
user1,Reading about quantum physics and theoretical concepts. Science fiction is becoming science fact.,2023-01-05 15:00:00
user5,Cooking is my passion. Today I experimented with spicy Thai cuisine and aromatic herbs.,2023-01-06 09:30:00
user4,The cosmos holds infinite mysteries. Black holes and dark matter continue to puzzle scientists worldwide.,2023-01-06 13:00:00
user3,Deep learning neural networks are achieving remarkable results in image recognition and natural language processing.,2023-01-07 11:00:00
user2,My laptop keeps crashing during important presentations. Definitely time for a hardware upgrade.,2023-01-07 14:30:00
user1,Science fiction films always make me contemplate the future of humanity and technological advancement.,2023-01-08 10:00:00
user6,Traveling to different countries and experiencing diverse cultures. Food and traditions vary so much globally.,2023-01-08 12:00:00
user5,Experimenting with fusion cuisine combining Asian and European cooking techniques. Flavors are incredible.,2023-01-09 09:00:00
user4,Studying astrophysics and cosmology. The scale of the universe is beyond human comprehension.,2023-01-09 14:00:00
user3,Machine learning models are becoming more sophisticated. Artificial neural networks mimic human brain functions.,2023-01-10 11:30:00
user6,Visited an art museum today. The paintings and sculptures were breathtaking and emotionally moving.,2023-01-10 16:00:00
user1,Watching classic films from the golden age of cinema. The storytelling techniques were masterful.,2023-01-11 10:15:00
user2,Finally bought a new gaming laptop with advanced graphics card and high-speed processor.,2023-01-11 13:45:00
user5,Learning traditional cooking methods from different cultures. Each region has unique culinary secrets.,2023-01-12 08:30:00
user4,Observing celestial objects through my telescope. Saturn's rings are absolutely magnificent tonight.,2023-01-12 20:00:00
user3,Working on a computer vision project using convolutional neural networks for object detection.,2023-01-13 09:15:00

